<?xml version="1.0" encoding="UTF-8" standalone="yes"?>
<addon id="repo.weebox" name="WEEBOX Addons Repository" version="0.0.1" provider-name="Osmoze06">
    <extension point="xbmc.addon.repository" name="WEEBOX Addons Repository">
        <dir>
            <info compressed="false">https://raw.githubusercontent.com/osmoze06/repo.weebox/master/repo/zips/addons.xml</info>
            <checksum>https://raw.githubusercontent.com/osmoze06/repo.weebox/master/repo/zips/addons.xml.md5</checksum>
            <datadir zip="true">https://raw.githubusercontent.com/osmoze06/repo.weebox/master/repo/zips/</datadir>
        </dir>
    </extension>
    <extension point="xbmc.addon.metadata">
        <summary>WEEBOX Addons Repository</summary>
        <description>Addons et outils scripts pour Kodi.</description>
        <disclaimer></disclaimer>
        <platform>all</platform>
        <assets>
            <icon>icon.png</icon>
            <fanart>fanart.jpg</fanart>
        </assets>
    </extension>
</addon>